{
  "udalost": [
    {
      "event_name": "fgbf",
      "description": "sadaad",
      "location": "qqqq",
      "max_people": "123",
      "start_date": "2023-12-16",
      "start_time": "00:00",
      "end_date": "2023-12-16",
      "end_time": "00:00",
      "creator": "ronniemcnutt@gmail.com",
      "id": "7",
      "kategoria": "Sport"
    },
    {
      "event_name": "qqqqqqqqqqq",
      "description": "d",
      "location": "d",
      "max_people": "12",
      "start_date": "2023-12-15",
      "start_time": "00:00",
      "end_date": "2023-12-15",
      "end_time": "00:00",
      "creator": "ronniemcnutt@gmail.com",
      "id": "5WxP857",
      "kategoria": "Sport"
    },
    {
      "event_name": "Event 1",
      "description": "Description 1",
      "location": "Location 1",
      "max_people": "10",
      "start_date": "2023-12-16",
      "start_time": "00:00",
      "end_date": "2023-12-16",
      "end_time": "00:00",
      "creator": "ronniemcnutt@gmail.com",
      "id": "1",
      "kategoria": "Sport"
    },
    {
      "event_name": "Event 2",
      "description": "Description 2",
      "location": "Location 2",
      "max_people": "20",
      "start_date": "2023-12-17",
      "start_time": "00:00",
      "end_date": "2023-12-17",
      "end_time": "00:00",
      "creator": "ronniemcnutt@gmail.com",
      "id": "2",
      "kategoria": "Sport"
    },
    {
      "event_name": "Event 3",
      "description": "Description 3",
      "location": "Location 3",
      "max_people": "30",
      "start_date": "2023-12-18",
      "start_time": "00:00",
      "end_date": "2023-12-18",
      "end_time": "00:00",
      "creator": "ronniemcnutt@gmail.com",
      "id": "3",
      "kategoria": "Sport"
    },
    {
      "event_name": "Event 4",
      "description": "Description 4",
      "location": "Location 4",
      "max_people": "40",
      "start_date": "2023-12-19",
      "start_time": "00:00",
      "end_date": "2023-12-19",
      "end_time": "00:00",
      "creator": "ronniemcnutt@gmail.com",
      "id": "4",
      "kategoria": "Sport"
    },
    {
      "event_name": "Event 5",
      "description": "Description 5",
      "location": "Location 5",
      "max_people": "50",
      "start_date": "2023-12-20",
      "start_time": "00:00",
      "end_date": "2023-12-20",
      "end_time": "00:00",
      "creator": "ronniemcnutt@gmail.com",
      "id": "5",
      "kategoria": "Sport"
    },
    {
      "event_name": "Event 50",
      "description": "Description 50",
      "location": "Location 50",
      "max_people": "500",
      "start_date": "2024-01-01",
      "start_time": "00:00",
      "end_date": "2024-01-01",
      "end_time": "00:00",
      "creator": "ronniemcnutt@gmail.com",
      "id": "50",
      "kategoria": "Sport"
    },
    {
      "event_name": "qqqqqqqqqqq",
      "description": "d",
      "location": "d",
      "max_people": "12",
      "start_date": "2023-12-15",
      "start_time": "00:00",
      "end_date": "2023-12-15",
      "end_time": "00:00",
      "creator": "ronniemcnutt@gmail.com",
      "id": "5Wgdrrfg7",
      "kategoria": "Sport"
    },
    {
      "event_name": "qqqqqqqqqqq",
      "description": "d",
      "location": "d",
      "max_people": "12",
      "start_date": "2023-12-15",
      "start_time": "00:00",
      "end_date": "2023-12-15",
      "end_time": "00:00",
      "creator": "ronniemcnutt@gmail.com",
      "id": "5W7857",
      "kategoria": "Sport"
    },
    {
      "event_name": "Test kapacity",
      "description": "loooool",
      "location": "qqqqq",
      "max_people": "1",
      "start_date": "2023-12-16",
      "start_time": "15:00",
      "end_date": "2023-12-17",
      "end_time": "17:00",
      "creator": "ronniemcnutt@gmail.com",
      "id": "tYly4cQ",
      "kategoria": "Zabava"
    },
    {
      "event_name": "2024",
      "description": "sdada",
      "location": "qqqqq",
      "max_people": "5",
      "start_date": "2024-12-12",
      "start_time": "00:00",
      "end_date": "2025-03-12",
      "end_time": "00:00",
      "creator": "olivernemcek7@gmail.com",
      "kategoria": "Konicky",
      "id": "tedNNJD"
    },
    {
      "event_name": "RUBYYYYY",
      "description": "hovnoooooxd",
      "location": "purkynexdddd",
      "max_people": "2",
      "start_date": "2023-12-17",
      "start_time": "03:00",
      "end_date": "2023-12-17",
      "end_time": "04:00",
      "creator": "ronniemcnutt@gmail.com",
      "id": "TPapUwi",
      "kategoria": "Zabava"
    },
    {
      "event_name": "dsadadad",
      "description": "asdadasdada",
      "location": "dsadadsada",
      "max_people": "3",
      "start_date": "2023-12-17",
      "start_time": "03:00",
      "end_date": "2023-12-17",
      "end_time": "04:00",
      "creator": "ronniemcnutt@gmail.com",
      "kategoria": "Doskove hry",
      "id": "1SPhEzq"
    },
    {
      "event_name": "lorem ipsum",
      "description": "orem ipsum dolor sit amet, consectetur adipiscing elit. Duis eros libero, facilisis a est id, viverra rhoncus felis. Aliquam id interdum eros. Vivamus rutrum ante sed urna bibendum condimentum. Nulla quis urna turpis. Ut euismod, ligula nec accumsan euismod, tortor augue aliquam lacus, quis vehicula turpis quam eget metus. Sed placerat pretium magna, auctor fringilla ipsum suscipit et. Vestibulum luctus felis ut est congue, sed scelerisque mi lobortis. Proin a odio risus. Nunc tristique maximus tellus, ut posuere dolor placerat in. Fusce tempus, purus vitae porta egestas, magna tortor venenatis arcu, a bibendum velit nunc vitae orci. Phasellus sem massa, gravida vitae magna quis, viverra tincidunt leo.\n\nProin at nunc interdum, dapibus nulla a, ultricies augue. Donec sit amet finibus magna, vel euismod erat. Quisque sed ex accumsan, egestas felis eget, fermentum dui. Aenean quis ipsum vel lectus lobortis commodo. Curabitur mattis aliquam arcu, in facilisis neque rhoncus id. Nam vitae malesuada urna, ut molestie ipsum. In venenatis ante mauris, id molestie odio rhoncus at. Maecenas aliquam sapien non ante imperdiet, consectetur bibendum augue cursus. Duis ipsum nisi, fringilla a sodales at, blandit vitae nisl. Suspendisse sit amet lectus sit amet arcu porta rutrum. Vivamus venenatis vitae mi ut facilisis. Sed fermentum ullamcorper turpis, et auctor erat rutrum a.\n\nNullam cursus vestibulum sapien, eu scelerisque mi lacinia eu. Aliquam accumsan magna elit, id rhoncus velit varius sit amet. Sed diam ante, suscipit et velit vel, ultricies tristique purus. Vivamus eleifend, libero a blandit ultricies, lectus massa dapibus sapien, sagittis imperdiet arcu sapien vel dui. Suspendisse imperdiet ante ut lorem dapibus, in aliquam orci luctus. Proin lorem erat, mattis eu augue malesuada, sagittis imperdiet nibh. Maecenas lorem ex, mattis nec tortor in, pretium imperdiet magna. Mauris venenatis sagittis mi. Suspendisse vestibulum fermentum semper. Maecenas vitae facilisis urna. Aenean nec dui ut dui viverra varius ac varius ligula.\n\nSuspendisse potenti. Sed urna odio, gravida in massa quis, tempor efficitur mi. Ut congue, enim rutrum varius imperdiet, libero enim pretium nisi, vel feugiat orci odio congue metus. Vestibulum eu nulla quis mauris congue vestibulum. Proin lectus justo, pellentesque eget fringilla sit amet, lobortis id quam. Ut vitae tempor mi. Duis vehicula, orci vel eleifend lobortis, est lectus tincidunt elit, id interdum ex metus ac nunc. Nulla eu tempus lacus, in porta augue. Donec risus urna, varius eget lorem vitae, sodales dignissim nunc. Mauris tincidunt velit ut semper maximus. Nunc volutpat leo arcu, nec ultricies leo sagittis vel. Fusce lacinia accumsan est. Quisque eu diam dui. Donec in finibus quam. Aenean ultricies magna purus, eu facilisis leo fringilla sit amet. Sed posuere finibus ullamcorper.\n\nPellentesque sit amet urna eu justo porttitor imperdiet. Lorem ipsum dolor sit amet, consectetur adipiscing elit. Mauris vel aliquet justo. Phasellus malesuada vulputate velit, sed sagittis dolor molestie et. Sed sollicitudin erat augue, non porttitor nisl scelerisque quis. Ut pharetra tortor ac metus blandit viverra. Morbi pharetra dictum dolor sodales varius. Duis hendrerit accumsan egestas. Aenean tortor ipsum, placerat sed ipsum sed, sodales aliquam eros. Etiam efficitur, ex pharetra suscipit rhoncus, orci odio facilisis justo, at pretium est augue sollicitudin libero. ",
      "location": "manesky",
      "max_people": "4",
      "start_date": "2023-12-17",
      "start_time": "00:00",
      "end_date": "2023-12-18",
      "end_time": "03:00",
      "creator": "ronniemcnutt@gmail.com",
      "kategoria": "Doskove hry",
      "id": "gDVkdU8"
    },
    {
      "event_name": "dasda",
      "description": "scacasscasc",
      "location": "asacac",
      "max_people": "7",
      "start_date": "2023-12-17",
      "start_time": "14:45",
      "end_date": "2023-12-17",
      "end_time": "00:00",
      "creator": "ronniemcnutt@gmail.com",
      "kategoria": "Doskove hry",
      "id": "z0vItYY"
    }
  ],
  "prispevok": [
    {
      "udalostId": "6xZ0q9W",
      "user": "olivernemcek7@gmail.com",
      "text": "kolkatka",
      "id": "dwPJ--r"
    },
    {
      "udalostId": "Ag-AcZi",
      "user": "olivernemcek7@gmail.com",
      "text": "kolko ludi dojde",
      "id": "YnrDFWs"
    },
    {
      "udalostId": "Ag-AcZi",
      "user": "olivernemcek7@gmail.com",
      "text": "ktest",
      "id": "-ThFDYE"
    },
    {
      "udalostId": "Ag-AcZi",
      "user": "olivernemcek7@gmail.com",
      "text": "abcd",
      "id": "jQe0eFy"
    },
    {
      "udalostId": "1",
      "user": "ronniemcnutt@gmail.com",
      "text": "Jaky je vas nazor na astolfa?",
      "id": "ucBSXfs"
    },
    {
      "udalostId": "5WxP857",
      "user": "ronniemcnutt@gmail.com",
      "text": "zvykne to mu jebat",
      "id": "FdwJ_QY"
    },
    {
      "udalostId": "5WxP857",
      "user": "olivernemcek7@gmail.com",
      "text": "jn",
      "id": "Y-eVUwS"
    },
    {
      "udalostId": "1",
      "user": "olivernemcek7@gmail.com",
      "text": "rwe",
      "id": "k_k2W-l"
    },
    {
      "udalostId": "2",
      "user": "olivernemcek7@gmail.com",
      "text": "ahoj",
      "id": "_z_kvB_"
    },
    {
      "udalostId": "3",
      "user": "olivernemcek7@gmail.com",
      "text": "test",
      "id": "UW_eEdn"
    },
    {
      "udalostId": "2",
      "user": "olivernemcek7@gmail.com",
      "text": "lolec",
      "id": "yXpjLxM"
    },
    {
      "udalostId": "tedNNJD",
      "user": "olivernemcek7@gmail.com",
      "text": "Hello",
      "id": "hoHo_CH"
    },
    {
      "udalostId": "2",
      "user": "olivernemcek7@gmail.com",
      "text": "ewqe",
      "id": "BmQ016Y"
    },
    {
      "udalostId": "2",
      "user": "olivernemcek7@gmail.com",
      "text": "neverim",
      "id": "Qmss8jY"
    },
    {
      "udalostId": "2",
      "user": "stupid@stupid.stupid",
      "text": "vlastnym ociam",
      "id": "8qWrbzc"
    },
    {
      "udalostId": "gDVkdU8",
      "user": "stupid@stupid.stupid",
      "text": "CO?? NA MANESKACH?? VOBEC 😥😥😥",
      "id": "OAMXIPP"
    },
    {
      "udalostId": "gDVkdU8",
      "user": "stupid@stupid.stupid",
      "text": "ahoj",
      "id": "84yn0bI"
    },
    {
      "udalostId": "3",
      "user": "stupid@stupid.stupid",
      "text": "Ahoj",
      "id": "QtvkP5u"
    },
    {
      "udalostId": "3",
      "user": "stupid@stupid.stupid",
      "text": "jak sa mas",
      "id": "MIpUuo2"
    }
  ],
  "zaujemca": [
    {
      "udalostId": "tYly4cQ",
      "user": "ronniemcnutt@gmail.com",
      "id": "kKA2SYR"
    },
    {
      "udalostId": "1",
      "user": "olivernemcek7@gmail.com",
      "id": "8z46riR"
    },
    {
      "udalostId": "1",
      "user": "ronniemcnutt@gmail.com",
      "id": "ohGwq0o"
    },
    {
      "udalostId": "5",
      "user": "ronniemcnutt@gmail.com",
      "id": "-MddSyg"
    },
    {
      "udalostId": "4",
      "user": "ronniemcnutt@gmail.com",
      "id": "nJBli8D"
    },
    {
      "udalostId": "2",
      "user": "ronniemcnutt@gmail.com",
      "id": "FNU9SUq"
    },
    {
      "udalostId": "lxFmy4c",
      "user": "ronniemcnutt@gmail.com",
      "id": "uHgnbpT"
    },
    {
      "udalostId": "TPapUwi",
      "user": "ronniemcnutt@gmail.com",
      "id": "IgixOIo"
    },
    {
      "udalostId": "3",
      "user": "olivernemcek7@gmail.com",
      "id": "dLt_Nty"
    },
    {
      "udalostId": "2",
      "user": "olivernemcek7@gmail.com",
      "id": "OtxP1yq"
    },
    {
      "udalostId": "1SPhEzq",
      "user": "olivernemcek7@gmail.com",
      "id": "5sL61yS"
    },
    {
      "udalostId": "2",
      "user": "stupid@stupid.stupid",
      "id": "xRrtqIP"
    },
    {
      "udalostId": "4",
      "user": "stupid@stupid.stupid",
      "id": "1v4osaT"
    }
  ],
  "ponuka": [
    {
      "id": "1",
      "nazov": "podlozka pod mys",
      "popis": "Mam ju uz 4 roky ale je v dobrom stave. Rozmery: 31x20cm",
      "cena": "150kc",
      "user": "olivernemcek7@gmail.com"
    },
    {
      "id": "2",
      "nazov": "vankus",
      "popis": "Uplne novy vankus kupeny v JYSKu",
      "cena": "300kc",
      "user": "olivernemcek7@gmail.com"
    },
    {
      "nazov": "Lol1",
      "popis": "pred a po",
      "cena": "90",
      "user": "ronniemcnutt@gmail.com",
      "id": "AJDipUw"
    },
    {
      "nazov": "Pes",
      "popis": "predavam psa",
      "cena": "10",
      "user": "ronniemcnutt@gmail.com",
      "image": "https://hips.hearstapps.com/hmg-prod/images/dog-puppy-on-garden-royalty-free-image-1586966191.jpg?crop=0.752xw:1.00xh;0.175xw,0&resize=1200:*",
      "id": "DOesKIM"
    },
    {
      "nazov": "Leroyy gieroy",
      "popis": "gieroy",
      "cena": "12 lidl",
      "user": "stupid@stupid.stupid",
      "id": "qRpFp0w"
    }
  ]
}